studentId,class
1,12J
2,2M
3,12R
4,3J
5,7O
6,5H
7,8N
8,10F
9,1T
10,5O
11,6N
12,7M
13,9O
14,3B
15,9K
16,2N
17,10I
18,11P
19,3E
20,3I
21,2Q
22,12U
23,3N
24,4K
25,8X
26,3X
27,11T
28,4B
29,9O
30,11R
31,11E
32,4X
33,6O
34,9G
35,5R
36,10N
37,11D
38,9W
39,7Y
40,8T
41,5G
42,1L
43,11N
44,9K
45,4P
46,4N
47,4Z
48,3E
49,5L
50,4H
51,10I
52,5N
53,12Z
54,1I
55,11H
56,6R
57,12B
58,12E
59,4R
60,8J
61,1C
62,6G
63,12O
64,3A
65,10Y
66,5N
67,7T
68,7B
69,3D
70,5A
71,10O
72,2U
73,6O
74,10A
75,6X
76,8J
77,8F
78,8V
79,3M
80,12J
81,12H
82,9S
83,6Z
84,11O
85,10F
86,1G
87,3S
88,10X
89,5L
90,1K
91,3U
92,10H
93,8C
94,9W
95,11B
96,12M
97,5K
98,5V
99,12O
100,10E
101,4Y
102,2V
103,3I
104,3A
105,8T
106,5Z
107,11V
108,9L
109,8C
110,3S
111,12A
112,6I
113,3V
114,6K
115,5D
116,3B
117,2L
118,12I
119,3U
120,11R
121,10Q
122,7J
123,3A
124,8J
125,12Q
126,4Z
127,5X
128,7J
129,8P
130,4T
131,8X
132,3E
133,11O
134,3S
135,10N
136,2I
137,12D
138,7O
139,2E
140,1E
141,6H
142,6M
143,2S
144,6A
145,7H
146,8R
147,12H
148,9U
149,11M
150,5T
151,5O
152,1Z
153,8V
154,4A
155,5Q
156,1I
157,7B
158,2B
159,12U
160,6T
161,12M
162,4X
163,3Y
164,1O
165,6A
166,5G
167,10R
168,9W
169,4I
170,1J
171,5G
172,5Z
173,8W
174,8R
175,3L
176,4L
177,7R
178,11A
179,9V
180,2W
181,6C
182,8J
183,2M
184,10I
185,5Q
186,4E
187,9Y
188,8M
189,9J
190,1L
191,7Z
192,1A
193,8M
194,7D
195,1V
196,12B
197,4M
198,1L
199,4A
200,6X
201,12A
202,12E
203,11U
204,11P
205,8Y
206,6D
207,11E
208,1Q
209,9W
210,10P
211,3O
212,2E
213,10I
214,2S
215,6T
216,2R
217,3O
218,9Q
219,11H
220,11C
221,3A
222,5J
223,9F
224,10Z
225,8P
226,12D
227,7E
228,3F
229,9E
230,8G
231,3Q
232,5K
233,2I
234,7Q
235,3U
236,8I
237,4N
238,7Q
239,8R
240,4W
241,8E
242,10A
243,2M
244,10U
245,5A
246,10D
247,9X
248,5V
249,1D
250,3K
251,10K
252,2G
253,2L
254,6U
255,5A
256,1I
257,10W
258,5P
259,5X
260,12F
261,10S
262,9F
263,5P
264,8X
265,9K
266,10Y
267,2N
268,5Y
269,3G
270,5Z
271,9W
272,6O
273,10U
274,9I
275,8Z
276,11V
277,1Q
278,7K
279,7G
280,10K
281,6J
282,4N
283,3B
284,6G
285,8L
286,5C
287,11Q
288,5Q
289,12V
290,11J
291,11Y
292,8O
293,6N
294,8M
295,12F
296,8F
297,11Q
298,10D
299,6M
300,4W
301,4R
302,1V
303,11P
304,3W
305,12U
306,6C
307,8T
308,9W
309,12T
310,5G
311,8Z
312,1B
313,1Q
314,2O
315,9W
316,11N
317,3I
318,3Z
319,8F
320,12T
321,4H
322,3K
323,1R
324,9T
325,4P
326,2L
327,4L
328,2A
329,1K
330,11M
331,6M
332,5I
333,5A
334,11U
335,4I
336,9S
337,6C
338,6F
339,12P
340,11M
341,5K
342,7D
343,12J
344,2R
345,6S
346,10F
347,5A
348,2S
349,10B
350,3G
351,2E
352,11E
353,6G
354,12F
355,5Q
356,9X
357,6Z
358,6K
359,12I
360,5N
361,11Z
362,2L
363,4F
364,2X
365,2Z
366,12C
367,1S
368,8K
369,2A
370,12V
371,4H
372,6Z
373,11K
374,2I
375,3D
376,6D
377,11S
378,11P
379,10G
380,12N
381,6X
382,2O
383,6Z
384,4I
385,9G
386,3W
387,9L
388,5P
389,5U
390,6S
391,3S
392,11Z
393,1F
394,2I
395,9B
396,7N
397,8A
398,10B
399,9E
400,12U
401,11C
402,12N
403,11Z
404,11O
405,9M
406,4Q
407,4H
408,2H
409,12K
410,6L
411,1T
412,3J
413,2G
414,1L
415,9A
416,11B
417,11H
418,7V
419,11S
420,8I
421,8E
422,4T
423,11P
424,5Z
425,8L
426,5P
427,5B
428,10C
429,8W
430,8C
431,2G
432,7R
433,6F
434,3X
435,10R
436,11P
437,11E
438,7U
439,1K
440,12S
441,8X
442,4F
443,3I
444,5X
445,2X
446,3Z
447,9W
448,10R
449,2U
450,12W
451,6B
452,7H
453,5A
454,5L
455,6V
456,10L
457,12F
458,3P
459,12M
460,5D
461,1J
462,12X
463,4J
464,5V
465,7Y
466,12C
467,11D
468,9M
469,10E
470,10X
471,9D
472,7S
473,6D
474,3C
475,5Y
476,2X
477,1A
478,4T
479,4O
480,8O
481,6R
482,8G
483,9J
484,3J
485,12C
486,10A
487,6M
488,4W
489,11R
490,7H
491,11W
492,8R
493,4K
494,8S
495,7E
496,12T
497,10N
498,8L
499,1H
500,9F
501,8B
502,11E
503,4B
504,9L
505,4Q
506,1C
507,4B
508,1P
509,6C
510,5K
511,9X
512,9P
513,12H
514,6T
515,10M
516,8M
517,5O
518,9J
519,7T
520,8K
521,5B
522,5M
523,7B
524,1I
525,8P
526,2V
527,2F
528,2I
529,5C
530,12E
531,2Q
532,8P
533,4R
534,5J
535,6H
536,2W
537,3N
538,11S
539,1A
540,10O
541,6H
542,7P
543,5V
544,7M
545,11F
546,7V
547,3H
548,9A
549,1G
550,1F
551,12H
552,5E
553,10K
554,4B
555,2S
556,3E
557,7D
558,9X
559,2F
560,10B
561,11V
562,7M
563,7B
564,6Y
565,5V
566,3U
567,7N
568,11I
569,5K
570,3K
571,10Q
572,11Y
573,2H
574,6Z
575,9A
576,1C
577,1M
578,11X
579,2V
580,2W
581,11I
582,11I
583,2Z
584,2E
585,1K
586,1S
587,1D
588,9W
589,12W
590,2U
591,5A
592,5N
593,10N
594,2X
595,8B
596,1Z
597,10I
598,3U
599,2Z
600,11Q
601,4A
602,3S
603,12P
604,1I
605,4S
606,5C
607,10E
608,7T
609,6Z
610,9A
611,7R
612,6N
613,2V
614,11E
615,3I
616,6J
617,3Y
618,4M
619,11D
620,9U
621,4F
622,4D
623,2E
624,1M
625,2H
626,1U
627,12I
628,10D
629,9C
630,11G
631,2I
632,11W
633,3W
634,3Y
635,9W
636,5T
637,5F
638,12Q
639,10W
640,7P
641,3M
642,1S
643,5H
644,4O
645,11Q
646,6A
647,10N
648,6B
649,2D
650,7Y
651,1G
652,3S
653,10P
654,4X
655,6N
656,12X
657,4G
658,1N
659,10X
660,5A
661,11N
662,1T
663,7J
664,8W
665,3B
666,7C
667,11T
668,1T
669,5L
670,4Y
671,8Z
672,6I
673,4C
674,3G
675,4N
676,6N
677,7V
678,2R
679,8U
680,3O
681,11H
682,6U
683,4S
684,6S
685,7O
686,9S
687,1J
688,8T
689,9V
690,2V
691,2S
692,1B
693,6B
694,10Z
695,7I
696,10C
697,3E
698,11I
699,5Y
700,12L
701,7Y
702,12R
703,8P
704,7G
705,4O
706,3V
707,5Q
708,9Y
709,8M
710,1K
711,10W
712,3T
713,3H
714,9U
715,1E
716,2T
717,8O
718,4I
719,1D
720,11F
721,12U
722,5Y
723,11B
724,11H
725,8K
726,6Q
727,3R
728,9C
729,7Q
730,6B
731,5Y
732,11B
733,1P
734,2J
735,12G
736,8E
737,11P
738,7F
739,7Y
740,4W
741,7Z
742,2E
743,8O
744,3P
745,2B
746,5P
747,12M
748,6V
749,3B
750,5T
751,8I
752,9S
753,9M
754,6E
755,11Y
756,10M
757,10Y
758,6V
759,1Q
760,10W
761,10F
762,11Q
763,6Q
764,2R
765,6M
766,5J
767,10N
768,1S
769,1U
770,11Y
771,9J
772,8C
773,8N
774,12K
775,12S
776,2T
777,7Z
778,9A
779,12V
780,1G
781,7I
782,2D
783,5C
784,12H
785,11I
786,9J
787,1M
788,10D
789,8B
790,6P
791,6A
792,10O
793,10R
794,5P
795,4X
796,3E
797,1A
798,9H
799,4B
800,2E
801,1Y
802,8A
803,10Y
804,8Q
805,3P
806,10K
807,4Z
808,5P
809,11K
810,6B
811,2M
812,10U
813,11G
814,2G
815,9Z
816,7G
817,8X
818,1U
819,11P
820,5V
821,7N
822,4U
823,2M
824,5G
825,6E
826,7O
827,3N
828,9Z
829,9Z
830,8E
831,10N
832,5F
833,7N
834,10E
835,6G
836,1H
837,3L
838,12G
839,12M
840,2D
841,5D
842,11J
843,9L
844,12C
845,11E
846,11H
847,8K
848,9Q
849,11O
850,4X
851,1Z
852,12J
853,11F
854,4H
855,2Y
856,11Z
857,10N
858,7N
859,3H
860,6U
861,7L
862,1K
863,2W
864,12P
865,9F
866,3G
867,4R
868,7W
869,9X
870,9Y
871,7P
872,7O
873,9F
874,7H
875,8O
876,10Z
877,8N
878,2P
879,1F
880,10I
881,3E
882,4S
883,7Z
884,3T
885,3B
886,6B
887,3U
888,3N
889,9F
890,7F
891,12L
892,12Q
893,5Q
894,7X
895,2T
896,12C
897,9Q
898,2N
899,10H
900,12A
901,10M
902,6F
903,5V
904,9Q
905,3Q
906,12H
907,1B
908,4T
909,6R
910,5H
911,5S
912,1E
913,1L
914,1Q
915,11N
916,3X
917,4K
918,11H
919,12V
920,10A
921,2C
922,3L
923,2D
924,4T
925,8K
926,4X
927,9R
928,11D
929,4S
930,8S
931,9T
932,6O
933,8D
934,8I
935,11V
936,12Y
937,3J
938,3C
939,1H
940,5U
941,6T
942,12I
943,3L
944,12W
945,6N
946,10C
947,12G
948,8X
949,5N
950,6D
951,10H
952,1K
953,8V
954,9K
955,11D
956,2I
957,12C
958,10A
959,9R
960,6H
961,9L
962,1D
963,7B
964,4Z
965,10U
966,4C
967,10N
968,2H
969,1J
970,5K
971,12Z
972,6O
973,4S
974,9K
975,3K
976,3G
977,7Y
978,7Z
979,11N
980,5F
981,7R
982,10M
983,4V
984,10A
985,8D
986,4Y
987,1M
988,6V
989,6M
990,5V
991,1C
992,6I
993,5M
994,8X
995,1B
996,5B
997,9K
998,7X
999,3J
1000,5P
1001,7N
1002,12S
1003,4V
1004,11V
1005,10N
1006,4I
1007,2P
1008,2V
1009,7M
1010,6D
1011,8E
1012,4B
1013,10Y
1014,2R
1015,1E
1016,10K
1017,6H
1018,7O
1019,6V
1020,10S
1021,7W
1022,2R
1023,10Z
1024,3G
1025,5O
1026,1O
1027,1R
1028,10H
1029,7U
1030,6P
1031,1E
1032,10H
1033,9V
1034,3V
1035,7D
1036,10Y
1037,5B
1038,3F
1039,1S
1040,4J
1041,6M
1042,1M
1043,11L
1044,10Z
1045,8V
1046,10J
1047,6S
1048,4L
1049,3D
1050,3E
1051,12Y
1052,12M
1053,4K
1054,2C
1055,1P
1056,4R
1057,12V
1058,6S
1059,1B
1060,2G
1061,10Z
1062,4T
1063,7B
1064,6Y
1065,8K
1066,6R
1067,3W
1068,10Q
1069,6R
1070,11J
1071,8U
1072,4R
1073,7J
1074,12P
1075,5Q
1076,8V
1077,1H
1078,2T
1079,3D
1080,12T
1081,10F
1082,2P
1083,8F
1084,8V
1085,10H
1086,12C
1087,6Y
1088,9B
1089,6W
1090,7Z
1091,11H
1092,3L
1093,5W
1094,8O
1095,9B
1096,3N
1097,6R
1098,4C
1099,9Z
1100,2Q
1101,6N
1102,11Y
1103,12R
1104,4R
1105,5X
1106,11T
1107,3A
1108,7B
1109,9H
1110,5W
1111,10R
1112,2Z
1113,7H
1114,11L
1115,1V
1116,7S
1117,2M
1118,7M
1119,7R
1120,11K
1121,12O
1122,1M
1123,12A
1124,2K
1125,5T
1126,6X
1127,7T
1128,10T
1129,7F
1130,9V
1131,7M
1132,6I
1133,8Y
1134,3N
1135,2M
1136,5N
1137,12M
1138,1D
1139,5P
1140,5P
1141,9L
1142,12C
1143,1E
1144,7K
1145,3E
1146,9D
1147,5K
1148,4U
1149,5Q
1150,1A
1151,5H
1152,11R
1153,3X
1154,2Y
1155,2J
1156,4B
1157,12U
1158,2U
1159,3Z
1160,4L
1161,11G
1162,5C
1163,10V
1164,12B
1165,5M
1166,10Z
1167,5V
1168,3C
1169,2Y
1170,7T
1171,9J
1172,11G
1173,4W
1174,10T
1175,4M
1176,1T
1177,2B
1178,2J
1179,8Y
1180,4O
1181,5C
1182,2J
1183,3Q
1184,3I
1185,8E
1186,5V
1187,11M
1188,1T
1189,3J
1190,12C
1191,5Z
1192,7S
1193,4F
1194,8N
1195,5O
1196,2S
1197,10F
1198,4X
1199,6E
1200,8O
1201,1I
1202,4H
1203,7Z
1204,6K
1205,1A
1206,4W
1207,7L
1208,5A
1209,1H
1210,6K
1211,11H
1212,9U
1213,3O
1214,7Z
1215,1X
1216,5A
1217,6P
1218,7F
1219,11L
1220,9O
1221,2Y
1222,8J
1223,12B
1224,5K
1225,3O
1226,10G
1227,6R
1228,8N
1229,7X
1230,4I
1231,9I
1232,4P
1233,8T
1234,6W
1235,5W
1236,6L
1237,5V
1238,3S
1239,3N
1240,4B
1241,11D
1242,5E
1243,2C
1244,4V
1245,6W
1246,10G
1247,12Z
1248,6Q
1249,6R
1250,1S
1251,11M
1252,8Y
1253,12N
1254,4L
1255,5R
1256,8Q
1257,1C
1258,6Q
1259,5T
1260,3F
1261,3F
1262,10K
1263,1W
1264,8U
1265,11C
1266,1V
1267,11Z
1268,1X
1269,9Z
1270,12Z
1271,8J
1272,12G
1273,11M
1274,6I
1275,5S
1276,9C
1277,3T
1278,1X
1279,11L
1280,4I
1281,7P
1282,4M
1283,5Q
1284,9H
1285,8T
1286,7P
1287,3W
1288,10D
1289,10Y
1290,10H
1291,2F
1292,10C
1293,3N
1294,12I
1295,8X
1296,3L
1297,7K
1298,12G
1299,1K
1300,3V
1301,2V
1302,10Q
1303,9L
1304,8Y
1305,11Y
1306,7X
1307,10R
1308,9W
1309,11X
1310,11A
1311,3P
1312,8Z
1313,3S
1314,7Q
1315,2M
1316,6E
1317,4C
1318,7F
1319,12O
1320,8G
1321,4V
1322,10X
1323,1I
1324,6X
1325,7F
1326,11Q
1327,5S
1328,9Z
1329,3Z
1330,7C
1331,10M
1332,3I
1333,6R
1334,5U
1335,4J
1336,1C
1337,2O
1338,12W
1339,12N
1340,8K
1341,4S
1342,4Q
1343,5Z
1344,9H
1345,7O
1346,7Z
1347,12Z
1348,10H
1349,9G
1350,7I
1351,11Z
1352,8E
1353,3S
1354,8K
1355,3Z
1356,5H
1357,7L
1358,1J
1359,2R
1360,4S
1361,3P
1362,1I
1363,7O
1364,12G
1365,6M
1366,11W
1367,6N
1368,1X
1369,6L
1370,6I
1371,4I
1372,3H
1373,7K
1374,9W
1375,5V
1376,12S
1377,8B
1378,6X
1379,2S
1380,10F
1381,7S
1382,12F
1383,3I
1384,3R
1385,1R
1386,4C
1387,5X
1388,11T
1389,3R
1390,11M
1391,2C
1392,2C
1393,6T
1394,5S
1395,6B
1396,7E
1397,1Y
1398,6A
1399,3M
1400,10H
1401,8J
1402,12Q
1403,11G
1404,1R
1405,2I
1406,8Y
1407,7V
1408,3D
1409,3L
1410,12I
1411,12X
1412,6B
1413,9U
1414,11O
1415,3F
1416,12G
1417,2H
1418,4W
1419,11A
1420,12Y
1421,5O
1422,1R
1423,1M
1424,3T
1425,3Q
1426,2H
1427,10B
1428,5A
1429,7A
1430,7C
1431,10V
1432,12R
1433,9R
1434,7B
1435,11T
1436,4K
1437,9Q
1438,12A
1439,12F
1440,7C
1441,3L
1442,1L
1443,7W
1444,6D
1445,8T
1446,1S
1447,2L
1448,2Z
1449,9R
1450,7I
1451,3O
1452,3E
1453,9A
1454,6B
1455,6E
1456,4A
1457,3X
1458,4D
1459,3Q
1460,12K
1461,6L
1462,10V
1463,10K
1464,1J
1465,12D
1466,5W
1467,12W
1468,9G
1469,5C
1470,2C
1471,12P
1472,8P
1473,10U
1474,10C
1475,4A
1476,10E
1477,11S
1478,7I
1479,3Z
1480,12K
1481,2L
1482,9R
1483,9V
1484,4K
1485,1Q
1486,6I
1487,12K
1488,10F
1489,5T
1490,2J
1491,3M
1492,3K
1493,3Q
1494,11W
1495,4J
1496,1I
1497,1G
1498,6K
1499,10T
1500,11F
1501,5R
1502,5O
1503,4E
1504,2X
1505,4J
1506,10X
1507,6X
1508,12C
1509,12L
1510,7J
1511,7S
1512,1I
1513,9P
1514,7L
1515,11H
1516,12C
1517,9N
1518,5T
1519,5F
1520,9J
1521,7F
1522,4G
1523,7R
1524,4Q
1525,1Q
1526,1A
1527,10B
1528,1L
1529,7U
1530,6I
1531,7Y
1532,4F
1533,6N
1534,12R
1535,5Z
1536,5L
1537,2K
1538,6H
1539,4V
1540,1C
1541,4G
1542,8U
1543,5F
1544,9R
1545,1H
1546,8R
1547,6C
1548,1W
1549,3L
1550,9O
1551,11O
1552,5B
1553,9O
1554,1T
1555,11Q
1556,4I
1557,1U
1558,9D
1559,9B
1560,10X
1561,4Q
1562,10P
1563,2R
1564,1A
1565,4S
1566,3O
1567,2Y
1568,1A
1569,6H
1570,1X
1571,6E
1572,6D
1573,2I
1574,6W
1575,2S
1576,3B
1577,1Z
1578,5Z
1579,9O
1580,8F
1581,12P
1582,1P
1583,8F
1584,6M
1585,3R
1586,1V
1587,8S
1588,1E
1589,5L
1590,12U
1591,8W
1592,12F
1593,12A
1594,9Q
1595,4N
1596,2C
1597,12Y
1598,8F
1599,3B
1600,9G
1601,9Y
1602,1Q
1603,12S
1604,2D
1605,8F
1606,5L
1607,10Z
1608,11B
1609,11F
1610,7B
1611,7B
1612,10P
1613,4J
1614,4W
1615,1E
1616,2X
1617,6L
1618,4J
1619,9M
1620,2C
1621,10W
1622,6L
1623,4N
1624,12U
1625,10N
1626,8N
1627,2A
1628,6E
1629,3S
1630,5K
1631,6A
1632,2Z
1633,10K
1634,4G
1635,9C
1636,10T
1637,9M
1638,2Q
1639,11C
1640,1A
1641,1Y
1642,2L
1643,1E
1644,4T
1645,6I
1646,12D
1647,4J
1648,8E
1649,6S
1650,2K
1651,2F
1652,4P
1653,10T
1654,11F
1655,10I
1656,11U
1657,2B
1658,5K
1659,12M
1660,6Z
1661,6M
1662,1X
1663,2S
1664,10D
1665,11Z
1666,10L
1667,4F
1668,8D
1669,3Y
1670,5H
1671,11F
1672,6J
1673,12T
1674,8O
1675,1A
1676,9E
1677,3L
1678,5U
1679,12R
1680,2S
1681,2B
1682,4W
1683,12F
1684,2I
1685,12N
1686,5A
1687,6K
1688,6X
1689,7Y
1690,2I
1691,11K
1692,2Y
1693,3D
1694,6S
1695,2A
1696,5C
1697,2S
1698,8E
1699,8U
1700,10B
1701,2Q
1702,11D
1703,3Y
1704,8D
1705,1K
1706,7V
1707,1B
1708,4O
1709,3S
1710,4J
1711,4Q
1712,10M
1713,5E
1714,2H
1715,12K
1716,12X
1717,7R
1718,12D
1719,4H
1720,3Q
1721,5H
1722,1W
1723,2W
1724,11F
1725,10E
1726,6D
1727,1L
1728,11P
1729,11S
1730,7J
1731,6Y
1732,2T
1733,6N
1734,4B
1735,4C
1736,3W
1737,1P
1738,9E
1739,9K
1740,10T
1741,6D
1742,2L
1743,6R
1744,7I
1745,7T
1746,7E
1747,5N
1748,12V
1749,9A
1750,12O
1751,6T
1752,1H
1753,3A
1754,6Y
1755,9H
1756,8K
1757,9G
1758,12M
1759,4H
1760,7H
1761,11L
1762,6K
1763,2U
1764,7L
1765,10Z
1766,7T
1767,6N
1768,12K
1769,3W
1770,11T
1771,12V
1772,8P
1773,6C
1774,12Q
1775,2B
1776,11B
1777,10T
1778,10L
1779,11R
1780,10Z
1781,6W
1782,12O
1783,11Q
1784,2D
1785,8C
1786,8Q
1787,9D
1788,9S
1789,12Z
1790,6K
1791,6F
1792,11J
1793,9H
1794,10L
1795,6E
1796,12Q
1797,3G
1798,3L
1799,2G
1800,4I
1801,1Q
1802,3B
1803,3C
1804,1Q
1805,10L
1806,2J
1807,7S
1808,12Y
1809,2T
1810,10H
1811,1F
1812,3C
1813,3M
1814,12P
1815,5J
1816,10G
1817,9I
1818,11M
1819,2O
1820,9B
1821,6X
1822,10D
1823,1D
1824,1J
1825,12Y
1826,10D
1827,7G
1828,5W
1829,9I
1830,4F
1831,4F
1832,7Z
1833,5Y
1834,1T
1835,7O
1836,3O
1837,9V
1838,4O
1839,1S
1840,7V
1841,10Y
1842,8X
1843,6V
1844,9A
1845,5J
1846,4U
1847,5S
1848,4D
1849,8E
1850,1N
1851,7T
1852,12E
1853,10W
1854,8N
1855,12F
1856,7Z
1857,5I
1858,4N
1859,3W
1860,7J
1861,4M
1862,6H
1863,10X
1864,3D
1865,11R
1866,3X
1867,8I
1868,1K
1869,3S
1870,5Z
1871,8J
1872,2B
1873,2O
1874,11Q
1875,4D
1876,12T
1877,12U
1878,10M
1879,12J
1880,10V
1881,1N
1882,4S
1883,4I
1884,11S
1885,2E
1886,9Z
1887,3K
1888,7I
1889,8Z
1890,9E
1891,7C
1892,7Q
1893,11T
1894,6R
1895,9M
1896,11T
1897,9N
1898,8Q
1899,5U
1900,7K
1901,8D
1902,7J
1903,7O
1904,9R
1905,6Y
1906,11B
1907,6F
1908,3J
1909,7Q
1910,12M
1911,1Y
1912,2F
1913,11E
1914,4C
1915,11Y
1916,2U
1917,10K
1918,5T
1919,11W
1920,7K
1921,1H
1922,10E
1923,11D
1924,12R
1925,6G
1926,8M
1927,5X
1928,12F
1929,5B
1930,5K
1931,2G
1932,1L
1933,9G
1934,6L
1935,5M
1936,2Z
1937,4Z
1938,6Q
1939,8L
1940,9B
1941,5D
1942,2L
1943,3L
1944,8J
1945,11S
1946,6U
1947,6B
1948,1E
1949,1P
1950,4S
1951,6Q
1952,12K
1953,12A
1954,9K
1955,11A
1956,8O
1957,6P
1958,4J
1959,5A
1960,3R
1961,11L
1962,12C
1963,10K
1964,10J
1965,2P
1966,2J
1967,5H
1968,12D
1969,7X
1970,6Q
1971,1E
1972,1N
1973,4D
1974,11F
1975,5X
1976,5B
1977,1K
1978,10Y
1979,7Y
1980,9V
1981,9N
1982,4E
1983,7G
1984,7U
1985,10B
1986,6X
1987,11K
1988,2M
1989,9V
1990,9H
1991,12B
1992,1B
1993,10J
1994,1Y
1995,1R
1996,2P
1997,2I
1998,7Z
1999,3P
2000,1E